subsystem	function	visibility	stability	owner
kernel	stoleus_kernel_initialize	public	stable	kernel/kernel.sh
kernel	stoleus_kernel_bootstrap	public	stable	kernel/kernel.sh
kernel	stoleus_kernel_is_ready	public	stable	kernel/kernel.sh
kernel	stoleus_kernel_get_status	public	stable	kernel/kernel.sh
context	stoleus_context_set	public	experimental	kernel/context/context.sh
context	stoleus_context_get	public	experimental	kernel/context/context.sh
context	stoleus_context_contains	public	experimental	kernel/context/context.sh
context	stoleus_context_list	public	experimental	kernel/context/context.sh
context	stoleus_context_set_provider_override	public	experimental	kernel/context/context.sh
context	stoleus_context_get_provider_override	public	experimental	kernel/context/context.sh
context	stoleus_context_clear_provider_override	public	experimental	kernel/context/context.sh
context	stoleus_context_list_provider_overrides	public	experimental	kernel/context/context.sh
context	stoleus_context_get_generation	public	experimental	kernel/context/context.sh
context	stoleus_context_reset	public	experimental	kernel/context/context.sh
platform	stoleus_platform_detect	public	experimental	kernel/platform/platform.sh
platform	stoleus_platform_apply_context	public	experimental	kernel/platform/platform.sh
platform	stoleus_platform_refresh	public	experimental	kernel/platform/platform.sh
platform	stoleus_platform_get	public	experimental	kernel/platform/platform.sh
platform	stoleus_platform_get_status	public	experimental	kernel/platform/platform.sh
platform	stoleus_platform_reset	public	experimental	kernel/platform/platform.sh
metadata	stoleus_metadata_initialize	public	stable	kernel/metadata/collection.sh
metadata	stoleus_metadata_collection_create	public	stable	kernel/metadata/collection.sh
metadata	stoleus_metadata_collection_exists	public	stable	kernel/metadata/collection.sh
metadata	stoleus_metadata_collection_is_frozen	public	stable	kernel/metadata/collection.sh
metadata	stoleus_metadata_collection_append	public	stable	kernel/metadata/collection.sh
metadata	stoleus_metadata_collection_freeze	public	stable	kernel/metadata/collection.sh
metadata	stoleus_metadata_collection_contains	public	stable	kernel/metadata/collection.sh
metadata	stoleus_metadata_collection_get_index	public	stable	kernel/metadata/collection.sh
metadata	stoleus_metadata_collection_get_key_by_index	public	stable	kernel/metadata/collection.sh
metadata	stoleus_metadata_collection_get_field	public	stable	kernel/metadata/collection.sh
metadata	stoleus_metadata_collection_get_schema	public	stable	kernel/metadata/collection.sh
metadata	stoleus_metadata_collection_get_count	public	stable	kernel/metadata/collection.sh
metadata	stoleus_metadata_collection_list	public	stable	kernel/metadata/collection.sh
metadata	stoleus_metadata_collection_reset	public	stable	kernel/metadata/collection.sh
metadata	stoleus_metadata_reset	public	stable	kernel/metadata/collection.sh
discovery	stoleus_discovery_add_root	public	stable	kernel/discovery/discovery.sh
discovery	stoleus_discovery_scan	public	stable	kernel/discovery/discovery.sh
discovery	stoleus_discovery_get_records	public	stable	kernel/discovery/discovery.sh
discovery	stoleus_discovery_reset	public	stable	kernel/discovery/discovery.sh
definition	stoleus_definition_build_all	public	stable	kernel/definition/definition.sh
definition	stoleus_definition_get_records	public	stable	kernel/definition/definition.sh
definition	stoleus_definition_reset	public	stable	kernel/definition/definition.sh
plugin-manifest	stoleus_plugin_begin	dsl	stable	kernel/definition/providers/bash.sh
plugin-manifest	stoleus_plugin_description	dsl	stable	kernel/definition/providers/bash.sh
plugin-manifest	stoleus_plugin_implementation	dsl	stable	kernel/definition/providers/bash.sh
plugin-manifest	stoleus_plugin_dependencies	dsl	stable	kernel/definition/providers/bash.sh
plugin-manifest	stoleus_plugin_capabilities	dsl	stable	kernel/definition/providers/bash.sh
plugin-manifest	stoleus_plugin_requires_services	dsl	experimental	kernel/definition/providers/bash.sh
plugin-manifest	stoleus_plugin_provides_service	dsl	experimental	kernel/definition/providers/bash.sh
plugin-manifest	stoleus_plugin_service_operation	dsl	experimental	kernel/definition/providers/bash.sh
plugin-manifest	stoleus_plugin_service_condition	dsl	experimental	kernel/definition/providers/bash.sh
plugin-manifest	stoleus_plugin_lifecycle	dsl	stable	kernel/definition/providers/bash.sh
plugin-manifest	stoleus_plugin_end	dsl	stable	kernel/definition/providers/bash.sh
registry	stoleus_registry_contains	public	stable	kernel/registry/registry.sh
registry	stoleus_registry_get_index	public	stable	kernel/registry/registry.sh
registry	stoleus_registry_get_count	public	stable	kernel/registry/registry.sh
registry	stoleus_registry_get_id_by_index	public	stable	kernel/registry/registry.sh
registry	stoleus_registry_get_field	public	stable	kernel/registry/registry.sh
registry	stoleus_registry_get_field_by_index	public	stable	kernel/registry/registry.sh
registry	stoleus_registry_list	public	stable	kernel/registry/registry.sh
registry	stoleus_registry_list_ids	public	stable	kernel/registry/registry.sh
registry	stoleus_registry_is_frozen	public	stable	kernel/registry/registry.sh
registry	stoleus_registry_reset	public	stable	kernel/registry/registry.sh
contract-definition	stoleus_contract_definition_add_root	public	stable	kernel/contract/definition.sh
contract-definition	stoleus_contract_definition_build_all	public	stable	kernel/contract/definition.sh
contract-definition	stoleus_contract_definition_exists	public	stable	kernel/contract/definition.sh
contract-definition	stoleus_contract_definition_get_index	public	stable	kernel/contract/definition.sh
contract-definition	stoleus_contract_definition_get_field	public	stable	kernel/contract/definition.sh
contract-definition	stoleus_contract_definition_list	public	stable	kernel/contract/definition.sh
contract-definition	stoleus_contract_definition_list_operations	public	stable	kernel/contract/definition.sh
contract-definition	stoleus_contract_definition_reset	public	stable	kernel/contract/definition.sh
contract-manifest	stoleus_contract_begin	dsl	stable	kernel/contract/definition.sh
contract-manifest	stoleus_contract_description	dsl	stable	kernel/contract/definition.sh
contract-manifest	stoleus_contract_version	dsl	stable	kernel/contract/definition.sh
contract-manifest	stoleus_contract_operation	dsl	stable	kernel/contract/definition.sh
contract-manifest	stoleus_contract_end	dsl	stable	kernel/contract/definition.sh
contract-registry	stoleus_contract_registry_contains	public	stable	kernel/contract/registry.sh
contract-registry	stoleus_contract_registry_get_index	public	stable	kernel/contract/registry.sh
contract-registry	stoleus_contract_registry_get_field	public	stable	kernel/contract/registry.sh
contract-registry	stoleus_contract_registry_get_count	public	stable	kernel/contract/registry.sh
contract-registry	stoleus_contract_registry_list	public	stable	kernel/contract/registry.sh
contract-registry	stoleus_contract_registry_list_operations	public	stable	kernel/contract/registry.sh
contract-registry	stoleus_contract_registry_is_frozen	public	stable	kernel/contract/registry.sh
contract-registry	stoleus_contract_registry_reset	public	stable	kernel/contract/registry.sh
service-registry	stoleus_service_registry_contains	public	experimental	kernel/service/registry.sh
service-registry	stoleus_service_registry_get_count	public	experimental	kernel/service/registry.sh
service-registry	stoleus_service_registry_get_field	public	experimental	kernel/service/registry.sh
service-registry	stoleus_service_registry_get_provider	public	experimental	kernel/service/registry.sh
service-registry	stoleus_service_registry_get_operation_binding	public	experimental	kernel/service/registry.sh
service-registry	stoleus_service_registry_list	public	experimental	kernel/service/registry.sh
service-registry	stoleus_service_registry_list_providers	public	experimental	kernel/service/registry.sh
service-registry	stoleus_service_registry_is_frozen	public	experimental	kernel/service/registry.sh
service-registry	stoleus_service_registry_reset	public	experimental	kernel/service/registry.sh
service-resolver	stoleus_service_resolver_resolve	public	experimental	kernel/service/resolver.sh
service-resolver	stoleus_service_resolver_get_provider	public	experimental	kernel/service/resolver.sh
service-resolver	stoleus_service_resolver_get_provider_plugin	public	experimental	kernel/service/resolver.sh
service-resolver	stoleus_service_resolver_get_operation_binding	public	experimental	kernel/service/resolver.sh
service-resolver	stoleus_service_resolver_get_resolved	public	experimental	kernel/service/resolver.sh
service-resolver	stoleus_service_resolver_is_resolved	public	experimental	kernel/service/resolver.sh
service-resolver	stoleus_service_resolver_reset	public	experimental	kernel/service/resolver.sh
service-runtime	stoleus_service_call	public	experimental	kernel/service/runtime.sh
service-runtime	stoleus_service_get_provider	public	experimental	kernel/service/runtime.sh
service-runtime	stoleus_service_get_operation	public	experimental	kernel/service/runtime.sh
service-runtime	stoleus_service_runtime_get_last_call	public	experimental	kernel/service/runtime.sh
service-runtime	stoleus_service_runtime_reset	public	experimental	kernel/service/runtime.sh
resolver	stoleus_resolver_resolve	public	stable	kernel/resolver/resolver.sh
resolver	stoleus_resolver_resolve_index	public	stable	kernel/resolver/resolver.sh
resolver	stoleus_resolver_resolve_dependencies	public	stable	kernel/resolver/resolver.sh
resolver	stoleus_resolver_validate_plugin	public	stable	kernel/resolver/resolver.sh
resolver	stoleus_resolver_get_resolved	public	stable	kernel/resolver/resolver.sh
resolver	stoleus_resolver_reset	public	stable	kernel/resolver/resolver.sh
plugin	stoleus_plugin_is_active	public	stable	kernel/plugin/plugin.sh
plugin	stoleus_plugin_exists	public	stable	kernel/plugin/plugin.sh
plugin	stoleus_plugin_get	public	stable	kernel/plugin/plugin.sh
plugin	stoleus_plugin_get_field	public	stable	kernel/plugin/plugin.sh
plugin	stoleus_plugin_list	public	stable	kernel/plugin/plugin.sh
plugin	stoleus_plugin_list_operations	public	stable	kernel/plugin/plugin.sh
plugin	stoleus_plugin_supports_operation	public	stable	kernel/plugin/plugin.sh
plugin	stoleus_plugin_get_dependencies	public	stable	kernel/plugin/plugin.sh
plugin	stoleus_plugin_get_capabilities	public	stable	kernel/plugin/plugin.sh
plugin	stoleus_plugin_get_runtime_state	public	stable	kernel/plugin/plugin.sh
planning	stoleus_planning_create_request	public	stable	kernel/planning/planning.sh
planning	stoleus_planning_build_plan	public	stable	kernel/planning/planning.sh
planning	stoleus_planning_get_request	public	stable	kernel/planning/planning.sh
planning	stoleus_planning_get_plugins	public	stable	kernel/planning/planning.sh
planning	stoleus_planning_get_steps	public	stable	kernel/planning/planning.sh
planning	stoleus_planning_reset	public	stable	kernel/planning/planning.sh
lifecycle	stoleus_lifecycle_load_plugin	public	stable	kernel/lifecycle/lifecycle.sh
lifecycle	stoleus_lifecycle_is_plugin_loaded	public	stable	kernel/lifecycle/lifecycle.sh
lifecycle	stoleus_lifecycle_get_loaded	public	stable	kernel/lifecycle/lifecycle.sh
lifecycle	stoleus_lifecycle_reset	public	stable	kernel/lifecycle/lifecycle.sh
execution	stoleus_execution_execute_plan	public	stable	kernel/execution/execution.sh
execution	stoleus_execution_get_results	public	stable	kernel/execution/execution.sh
execution	stoleus_execution_reset	public	stable	kernel/execution/execution.sh
api	stoleus_api_initialize	public	stable	kernel/api/api.sh
api	stoleus_api_register	public	stable	kernel/api/api.sh
api	stoleus_api_exists	public	stable	kernel/api/api.sh
api	stoleus_api_get_field	public	stable	kernel/api/api.sh
api	stoleus_api_list	public	stable	kernel/api/api.sh
api	stoleus_api_list_subsystems	public	stable	kernel/api/api.sh
api	stoleus_api_validate	public	stable	kernel/api/api.sh
api	stoleus_api_write_snapshot	public	stable	kernel/api/api.sh
api	stoleus_api_compare_snapshot	public	stable	kernel/api/api.sh
api	stoleus_api_get_count	public	stable	kernel/api/api.sh
api	stoleus_api_reset	public	stable	kernel/api/api.sh
